Stage,Custo,Relacionais,Classes_Total,Min,Max,Media
0,340282350000000000000000000000000000000,0,1,1,1,1.00
1,0.1,0,1,1,1,1.00
2,0.1,0,1,1,1,1.00
3,0.1,0,1,1,1,1.00
0,340282350000000000000000000000000000000,0,1,1,1,1.00
1,0.1,0,1,1,1,1.00
2,0.1,0,1,1,1,1.00
3,0.1,0,1,1,1,1.00
0,340282350000000000000000000000000000000,0,1,1,1,1.00
1,0.1,0,1,1,1,1.00
2,0.1,0,1,1,1,1.00
3,0.1,0,1,1,1,1.00
0,340282350000000000000000000000000000000,0,1,1,1,1.00
1,0.1,0,1,1,1,1.00
2,0.1,0,1,1,1,1.00
3,0.1,0,1,1,1,1.00
0,340282350000000000000000000000000000000,0,1,1,1,1.00
1,0.1,0,1,1,1,1.00
2,0.1,0,1,1,1,1.00
3,0.1,0,1,1,1,1.00
0,340282350000000000000000000000000000000,0,1,1,1,1.00
1,0.1,0,1,1,1,1.00
2,0.1,0,1,1,1,1.00
3,0.1,0,1,1,1,1.00
0,340282350000000000000000000000000000000,0,1,1,1,1.00
1,0.1,0,1,1,1,1.00
2,0.1,0,1,1,1,1.00
3,0.1,0,1,1,1,1.00
0,340282350000000000000000000000000000000,0,1,1,1,1.00
1,0.1,0,1,1,1,1.00
2,0.1,0,1,1,1,1.00
3,0.1,0,1,1,1,1.00
0,340282350000000000000000000000000000000,0,14,1,1,1.00
1,0.3,0,14,1,1,1.00
2,0.3,0,14,1,1,1.00
3,0.3,0,14,1,1,1.00
0,340282350000000000000000000000000000000,0,10,1,1,1.00
1,0.3,0,10,1,1,1.00
2,0.3,0,10,1,1,1.00
3,0.3,0,10,1,1,1.00
0,340282350000000000000000000000000000000,0,15,1,1,1.00
1,0.3,0,15,1,1,1.00
2,0.3,0,15,1,1,1.00
3,0.3,0,15,1,1,1.00
0,340282350000000000000000000000000000000,0,15,1,1,1.00
1,0.3,0,15,1,1,1.00
2,0.3,0,15,1,1,1.00
3,0.3,0,15,1,1,1.00
0,340282350000000000000000000000000000000,0,11,1,1,1.00
1,0.3,0,11,1,1,1.00
2,0.3,0,11,1,1,1.00
3,0.3,0,11,1,1,1.00
0,340282350000000000000000000000000000000,0,9,1,1,1.00
1,0.3,0,9,1,1,1.00
2,0.3,0,9,1,1,1.00
3,0.3,0,9,1,1,1.00
0,340282350000000000000000000000000000000,0,13,1,1,1.00
1,0.3,0,13,1,1,1.00
2,0.3,0,13,1,1,1.00
3,0.3,0,13,1,1,1.00
0,340282350000000000000000000000000000000,0,22,1,1,1.00
1,0.3,0,22,1,1,1.00
2,0.3,0,22,1,1,1.00
3,0.3,0,22,1,1,1.00
0,340282350000000000000000000000000000000,24,152,1,1,1.00
1,62104805000000000000000000,21,889,1,153,3.05
2,3766529500000000000000,27,137,1,14,1.77
3,37279.418,29,2200,1,184,2.83
0,340282350000000000000000000000000000000,0,1,1,1,1.00
1,0.1,0,1,1,1,1.00
2,0.1,0,1,1,1,1.00
3,0.1,0,1,1,1,1.00
0,340282350000000000000000000000000000000,0,1,1,1,1.00
1,0.1,0,1,1,1,1.00
2,0.1,0,1,1,1,1.00
3,0.1,0,1,1,1,1.00
0,340282350000000000000000000000000000000,0,1,1,1,1.00
1,0.1,0,1,1,1,1.00
2,0.1,0,1,1,1,1.00
3,0.1,0,1,1,1,1.00
0,340282350000000000000000000000000000000,0,1,1,1,1.00
1,0.1,0,1,1,1,1.00
2,0.1,0,1,1,1,1.00
3,0.1,0,1,1,1,1.00
0,340282350000000000000000000000000000000,0,1,1,1,1.00
1,0.1,0,1,1,1,1.00
2,0.1,0,1,1,1,1.00
3,0.1,0,1,1,1,1.00
0,340282350000000000000000000000000000000,0,1,1,1,1.00
1,0.1,0,1,1,1,1.00
2,0.1,0,1,1,1,1.00
3,0.1,0,1,1,1,1.00
0,340282350000000000000000000000000000000,0,1,1,1,1.00
1,0.1,0,1,1,1,1.00
2,0.1,0,1,1,1,1.00
3,0.1,0,1,1,1,1.00
0,340282350000000000000000000000000000000,0,1,1,1,1.00
1,0.1,0,1,1,1,1.00
2,0.1,0,1,1,1,1.00
3,0.1,0,1,1,1,1.00
0,340282350000000000000000000000000000000,0,14,1,1,1.00
1,0.3,0,14,1,1,1.00
2,0.3,0,14,1,1,1.00
3,0.3,0,14,1,1,1.00
0,340282350000000000000000000000000000000,0,10,1,1,1.00
1,0.3,0,10,1,1,1.00
2,0.3,0,10,1,1,1.00
3,0.3,0,10,1,1,1.00
0,340282350000000000000000000000000000000,0,15,1,1,1.00
1,0.3,0,15,1,1,1.00
2,0.3,0,15,1,1,1.00
3,0.3,0,15,1,1,1.00
0,340282350000000000000000000000000000000,0,15,1,1,1.00
1,0.3,0,15,1,1,1.00
2,0.3,0,15,1,1,1.00
3,0.3,0,15,1,1,1.00
0,340282350000000000000000000000000000000,0,11,1,1,1.00
1,0.3,0,11,1,1,1.00
2,0.3,0,11,1,1,1.00
3,0.3,0,11,1,1,1.00
0,340282350000000000000000000000000000000,0,9,1,1,1.00
1,0.3,0,9,1,1,1.00
2,0.3,0,9,1,1,1.00
3,0.3,0,9,1,1,1.00
0,340282350000000000000000000000000000000,0,13,1,1,1.00
1,0.3,0,13,1,1,1.00
2,0.3,0,13,1,1,1.00
3,0.3,0,13,1,1,1.00
0,340282350000000000000000000000000000000,0,22,1,1,1.00
1,0.3,0,22,1,1,1.00
2,0.3,0,22,1,1,1.00
3,0.3,0,22,1,1,1.00
0,340282350000000000000000000000000000000,24,152,1,1,1.00
1,62104805000000000000000000,21,889,1,153,3.05
2,3766529500000000000000,27,137,1,14,1.77
3,37279.418,29,2200,1,184,2.83
0,340282350000000000000000000000000000000,0,1,1,1,1.00
1,0.1,0,1,1,1,1.00
2,0.1,0,1,1,1,1.00
3,0.1,0,1,1,1,1.00
0,340282350000000000000000000000000000000,0,1,1,1,1.00
1,0.1,0,1,1,1,1.00
2,0.1,0,1,1,1,1.00
3,0.1,0,1,1,1,1.00
0,340282350000000000000000000000000000000,0,1,1,1,1.00
1,0.1,0,1,1,1,1.00
2,0.1,0,1,1,1,1.00
3,0.1,0,1,1,1,1.00
0,340282350000000000000000000000000000000,0,1,1,1,1.00
1,0.1,0,1,1,1,1.00
2,0.1,0,1,1,1,1.00
3,0.1,0,1,1,1,1.00
0,340282350000000000000000000000000000000,0,1,1,1,1.00
1,0.1,0,1,1,1,1.00
2,0.1,0,1,1,1,1.00
3,0.1,0,1,1,1,1.00
0,340282350000000000000000000000000000000,0,1,1,1,1.00
1,0.1,0,1,1,1,1.00
2,0.1,0,1,1,1,1.00
3,0.1,0,1,1,1,1.00
0,340282350000000000000000000000000000000,0,1,1,1,1.00
1,0.1,0,1,1,1,1.00
2,0.1,0,1,1,1,1.00
3,0.1,0,1,1,1,1.00
0,340282350000000000000000000000000000000,0,1,1,1,1.00
1,0.1,0,1,1,1,1.00
2,0.1,0,1,1,1,1.00
3,0.1,0,1,1,1,1.00
0,340282350000000000000000000000000000000,0,14,1,1,1.00
1,0.3,0,14,1,1,1.00
2,0.3,0,14,1,1,1.00
3,0.3,0,14,1,1,1.00
0,340282350000000000000000000000000000000,0,10,1,1,1.00
1,0.3,0,10,1,1,1.00
2,0.3,0,10,1,1,1.00
3,0.3,0,10,1,1,1.00
0,340282350000000000000000000000000000000,0,15,1,1,1.00
1,0.3,0,15,1,1,1.00
2,0.3,0,15,1,1,1.00
3,0.3,0,15,1,1,1.00
0,340282350000000000000000000000000000000,0,15,1,1,1.00
1,0.3,0,15,1,1,1.00
2,0.3,0,15,1,1,1.00
3,0.3,0,15,1,1,1.00
0,340282350000000000000000000000000000000,0,11,1,1,1.00
1,0.3,0,11,1,1,1.00
2,0.3,0,11,1,1,1.00
3,0.3,0,11,1,1,1.00
0,340282350000000000000000000000000000000,0,9,1,1,1.00
1,0.3,0,9,1,1,1.00
2,0.3,0,9,1,1,1.00
3,0.3,0,9,1,1,1.00
0,340282350000000000000000000000000000000,0,13,1,1,1.00
1,0.3,0,13,1,1,1.00
2,0.3,0,13,1,1,1.00
3,0.3,0,13,1,1,1.00
0,340282350000000000000000000000000000000,0,22,1,1,1.00
1,0.3,0,22,1,1,1.00
2,0.3,0,22,1,1,1.00
3,0.3,0,22,1,1,1.00
0,340282350000000000000000000000000000000,24,152,1,1,1.00
1,62104805000000000000000000,21,889,1,153,3.05
2,3766529500000000000000,27,137,1,14,1.77
3,37279.418,29,2200,1,184,2.83
0,340282350000000000000000000000000000000,0,1,1,1,1.00
1,0.1,0,1,1,1,1.00
2,0.1,0,1,1,1,1.00
3,0.1,0,1,1,1,1.00
0,340282350000000000000000000000000000000,0,1,1,1,1.00
1,0.1,0,1,1,1,1.00
2,0.1,0,1,1,1,1.00
3,0.1,0,1,1,1,1.00
0,340282350000000000000000000000000000000,0,1,1,1,1.00
1,0.1,0,1,1,1,1.00
2,0.1,0,1,1,1,1.00
3,0.1,0,1,1,1,1.00
0,340282350000000000000000000000000000000,0,1,1,1,1.00
1,0.1,0,1,1,1,1.00
2,0.1,0,1,1,1,1.00
3,0.1,0,1,1,1,1.00
0,340282350000000000000000000000000000000,0,1,1,1,1.00
1,0.1,0,1,1,1,1.00
2,0.1,0,1,1,1,1.00
3,0.1,0,1,1,1,1.00
0,340282350000000000000000000000000000000,0,1,1,1,1.00
1,0.1,0,1,1,1,1.00
2,0.1,0,1,1,1,1.00
3,0.1,0,1,1,1,1.00
0,340282350000000000000000000000000000000,0,1,1,1,1.00
1,0.1,0,1,1,1,1.00
2,0.1,0,1,1,1,1.00
3,0.1,0,1,1,1,1.00
0,340282350000000000000000000000000000000,0,1,1,1,1.00
1,0.1,0,1,1,1,1.00
2,0.1,0,1,1,1,1.00
3,0.1,0,1,1,1,1.00
0,340282350000000000000000000000000000000,0,14,1,1,1.00
1,0.3,0,14,1,1,1.00
2,0.3,0,14,1,1,1.00
3,0.3,0,14,1,1,1.00
0,340282350000000000000000000000000000000,0,10,1,1,1.00
1,0.3,0,10,1,1,1.00
2,0.3,0,10,1,1,1.00
3,0.3,0,10,1,1,1.00
0,340282350000000000000000000000000000000,0,15,1,1,1.00
1,0.3,0,15,1,1,1.00
2,0.3,0,15,1,1,1.00
3,0.3,0,15,1,1,1.00
0,340282350000000000000000000000000000000,0,15,1,1,1.00
1,0.3,0,15,1,1,1.00
2,0.3,0,15,1,1,1.00
3,0.3,0,15,1,1,1.00
0,340282350000000000000000000000000000000,0,11,1,1,1.00
1,0.3,0,11,1,1,1.00
2,0.3,0,11,1,1,1.00
3,0.3,0,11,1,1,1.00
0,340282350000000000000000000000000000000,0,9,1,1,1.00
1,0.3,0,9,1,1,1.00
2,0.3,0,9,1,1,1.00
3,0.3,0,9,1,1,1.00
0,340282350000000000000000000000000000000,0,13,1,1,1.00
1,0.3,0,13,1,1,1.00
2,0.3,0,13,1,1,1.00
3,0.3,0,13,1,1,1.00
0,340282350000000000000000000000000000000,0,22,1,1,1.00
1,0.3,0,22,1,1,1.00
2,0.3,0,22,1,1,1.00
3,0.3,0,22,1,1,1.00
0,340282350000000000000000000000000000000,24,152,1,1,1.00
1,62104805000000000000000000,21,889,1,153,3.05
2,3766529500000000000000,27,137,1,14,1.77
3,37279.418,29,2200,1,184,2.83
0,340282350000000000000000000000000000000,0,1,1,1,1.00
1,0.1,0,1,1,1,1.00
2,0.1,0,1,1,1,1.00
3,0.1,0,1,1,1,1.00
0,340282350000000000000000000000000000000,0,1,1,1,1.00
1,0.1,0,1,1,1,1.00
2,0.1,0,1,1,1,1.00
3,0.1,0,1,1,1,1.00
0,340282350000000000000000000000000000000,0,1,1,1,1.00
1,0.1,0,1,1,1,1.00
2,0.1,0,1,1,1,1.00
3,0.1,0,1,1,1,1.00
0,340282350000000000000000000000000000000,0,1,1,1,1.00
1,0.1,0,1,1,1,1.00
2,0.1,0,1,1,1,1.00
3,0.1,0,1,1,1,1.00
0,340282350000000000000000000000000000000,0,1,1,1,1.00
1,0.1,0,1,1,1,1.00
2,0.1,0,1,1,1,1.00
3,0.1,0,1,1,1,1.00
0,340282350000000000000000000000000000000,0,1,1,1,1.00
1,0.1,0,1,1,1,1.00
2,0.1,0,1,1,1,1.00
3,0.1,0,1,1,1,1.00
0,340282350000000000000000000000000000000,0,1,1,1,1.00
1,0.1,0,1,1,1,1.00
2,0.1,0,1,1,1,1.00
3,0.1,0,1,1,1,1.00
0,340282350000000000000000000000000000000,0,1,1,1,1.00
1,0.1,0,1,1,1,1.00
2,0.1,0,1,1,1,1.00
3,0.1,0,1,1,1,1.00
0,340282350000000000000000000000000000000,0,14,1,1,1.00
1,0.3,0,14,1,1,1.00
2,0.3,0,14,1,1,1.00
3,0.3,0,14,1,1,1.00
0,340282350000000000000000000000000000000,0,10,1,1,1.00
1,0.3,0,10,1,1,1.00
2,0.3,0,10,1,1,1.00
3,0.3,0,10,1,1,1.00
0,340282350000000000000000000000000000000,0,15,1,1,1.00
1,0.3,0,15,1,1,1.00
2,0.3,0,15,1,1,1.00
3,0.3,0,15,1,1,1.00
0,340282350000000000000000000000000000000,0,15,1,1,1.00
1,0.3,0,15,1,1,1.00
2,0.3,0,15,1,1,1.00
3,0.3,0,15,1,1,1.00
0,340282350000000000000000000000000000000,0,11,1,1,1.00
1,0.3,0,11,1,1,1.00
2,0.3,0,11,1,1,1.00
3,0.3,0,11,1,1,1.00
0,340282350000000000000000000000000000000,0,9,1,1,1.00
1,0.3,0,9,1,1,1.00
2,0.3,0,9,1,1,1.00
3,0.3,0,9,1,1,1.00
0,340282350000000000000000000000000000000,0,13,1,1,1.00
1,0.3,0,13,1,1,1.00
2,0.3,0,13,1,1,1.00
3,0.3,0,13,1,1,1.00
0,340282350000000000000000000000000000000,0,22,1,1,1.00
1,0.3,0,22,1,1,1.00
2,0.3,0,22,1,1,1.00
3,0.3,0,22,1,1,1.00
0,340282350000000000000000000000000000000,24,152,1,1,1.00
1,62104805000000000000000000,21,889,1,153,3.05
2,3766529500000000000000,27,137,1,14,1.77
3,37279.418,29,2200,1,184,2.83
0,340282350000000000000000000000000000000,0,1,1,1,1.00
1,0.1,0,1,1,1,1.00
2,0.1,0,1,1,1,1.00
3,0.1,0,1,1,1,1.00
0,340282350000000000000000000000000000000,0,1,1,1,1.00
1,0.1,0,1,1,1,1.00
2,0.1,0,1,1,1,1.00
3,0.1,0,1,1,1,1.00
0,340282350000000000000000000000000000000,0,1,1,1,1.00
1,0.1,0,1,1,1,1.00
2,0.1,0,1,1,1,1.00
3,0.1,0,1,1,1,1.00
0,340282350000000000000000000000000000000,0,1,1,1,1.00
1,0.1,0,1,1,1,1.00
2,0.1,0,1,1,1,1.00
3,0.1,0,1,1,1,1.00
0,340282350000000000000000000000000000000,0,1,1,1,1.00
1,0.1,0,1,1,1,1.00
2,0.1,0,1,1,1,1.00
3,0.1,0,1,1,1,1.00
0,340282350000000000000000000000000000000,0,1,1,1,1.00
1,0.1,0,1,1,1,1.00
2,0.1,0,1,1,1,1.00
3,0.1,0,1,1,1,1.00
0,340282350000000000000000000000000000000,0,1,1,1,1.00
1,0.1,0,1,1,1,1.00
2,0.1,0,1,1,1,1.00
3,0.1,0,1,1,1,1.00
0,340282350000000000000000000000000000000,0,1,1,1,1.00
1,0.1,0,1,1,1,1.00
2,0.1,0,1,1,1,1.00
3,0.1,0,1,1,1,1.00
0,340282350000000000000000000000000000000,0,14,1,1,1.00
1,0.3,0,14,1,1,1.00
2,0.3,0,14,1,1,1.00
3,0.3,0,14,1,1,1.00
0,340282350000000000000000000000000000000,0,10,1,1,1.00
1,0.3,0,10,1,1,1.00
2,0.3,0,10,1,1,1.00
3,0.3,0,10,1,1,1.00
0,340282350000000000000000000000000000000,0,15,1,1,1.00
1,0.3,0,15,1,1,1.00
2,0.3,0,15,1,1,1.00
3,0.3,0,15,1,1,1.00
0,340282350000000000000000000000000000000,0,15,1,1,1.00
1,0.3,0,15,1,1,1.00
2,0.3,0,15,1,1,1.00
3,0.3,0,15,1,1,1.00
0,340282350000000000000000000000000000000,0,11,1,1,1.00
1,0.3,0,11,1,1,1.00
2,0.3,0,11,1,1,1.00
3,0.3,0,11,1,1,1.00
0,340282350000000000000000000000000000000,0,9,1,1,1.00
1,0.3,0,9,1,1,1.00
2,0.3,0,9,1,1,1.00
3,0.3,0,9,1,1,1.00
0,340282350000000000000000000000000000000,0,13,1,1,1.00
1,0.3,0,13,1,1,1.00
2,0.3,0,13,1,1,1.00
3,0.3,0,13,1,1,1.00
0,340282350000000000000000000000000000000,0,22,1,1,1.00
1,0.3,0,22,1,1,1.00
2,0.3,0,22,1,1,1.00
3,0.3,0,22,1,1,1.00
0,340282350000000000000000000000000000000,24,152,1,1,1.00
1,62104805000000000000000000,21,889,1,153,3.05
2,3766529500000000000000,27,137,1,14,1.77
3,37279.418,29,2200,1,184,2.83
0,340282350000000000000000000000000000000,0,1,1,1,1.00
1,0.1,0,1,1,1,1.00
2,0.1,0,1,1,1,1.00
3,0.1,0,1,1,1,1.00
0,340282350000000000000000000000000000000,0,1,1,1,1.00
1,0.1,0,1,1,1,1.00
2,0.1,0,1,1,1,1.00
3,0.1,0,1,1,1,1.00
0,340282350000000000000000000000000000000,0,1,1,1,1.00
1,0.1,0,1,1,1,1.00
2,0.1,0,1,1,1,1.00
3,0.1,0,1,1,1,1.00
0,340282350000000000000000000000000000000,0,1,1,1,1.00
1,0.1,0,1,1,1,1.00
2,0.1,0,1,1,1,1.00
3,0.1,0,1,1,1,1.00
0,340282350000000000000000000000000000000,0,1,1,1,1.00
1,0.1,0,1,1,1,1.00
2,0.1,0,1,1,1,1.00
3,0.1,0,1,1,1,1.00
0,340282350000000000000000000000000000000,0,1,1,1,1.00
1,0.1,0,1,1,1,1.00
2,0.1,0,1,1,1,1.00
3,0.1,0,1,1,1,1.00
0,340282350000000000000000000000000000000,0,1,1,1,1.00
1,0.1,0,1,1,1,1.00
2,0.1,0,1,1,1,1.00
3,0.1,0,1,1,1,1.00
0,340282350000000000000000000000000000000,0,1,1,1,1.00
1,0.1,0,1,1,1,1.00
2,0.1,0,1,1,1,1.00
3,0.1,0,1,1,1,1.00
0,340282350000000000000000000000000000000,0,14,1,1,1.00
1,0.3,0,14,1,1,1.00
2,0.3,0,14,1,1,1.00
3,0.3,0,14,1,1,1.00
0,340282350000000000000000000000000000000,0,10,1,1,1.00
1,0.3,0,10,1,1,1.00
2,0.3,0,10,1,1,1.00
3,0.3,0,10,1,1,1.00
0,340282350000000000000000000000000000000,0,15,1,1,1.00
1,0.3,0,15,1,1,1.00
2,0.3,0,15,1,1,1.00
3,0.3,0,15,1,1,1.00
0,340282350000000000000000000000000000000,0,15,1,1,1.00
1,0.3,0,15,1,1,1.00
2,0.3,0,15,1,1,1.00
3,0.3,0,15,1,1,1.00
0,340282350000000000000000000000000000000,0,11,1,1,1.00
1,0.3,0,11,1,1,1.00
2,0.3,0,11,1,1,1.00
3,0.3,0,11,1,1,1.00
0,340282350000000000000000000000000000000,0,9,1,1,1.00
1,0.3,0,9,1,1,1.00
2,0.3,0,9,1,1,1.00
3,0.3,0,9,1,1,1.00
0,340282350000000000000000000000000000000,0,13,1,1,1.00
1,0.3,0,13,1,1,1.00
2,0.3,0,13,1,1,1.00
3,0.3,0,13,1,1,1.00
0,340282350000000000000000000000000000000,0,22,1,1,1.00
1,0.3,0,22,1,1,1.00
2,0.3,0,22,1,1,1.00
3,0.3,0,22,1,1,1.00
0,340282350000000000000000000000000000000,24,152,1,1,1.00
1,62104805000000000000000000,21,889,1,153,3.05
2,3766529500000000000000,27,137,1,14,1.77
3,37279.418,29,2200,1,184,2.83
0,340282350000000000000000000000000000000,0,1,1,1,1.00
1,0.1,0,1,1,1,1.00
2,0.1,0,1,1,1,1.00
3,0.1,0,1,1,1,1.00
0,340282350000000000000000000000000000000,0,1,1,1,1.00
1,0.1,0,1,1,1,1.00
2,0.1,0,1,1,1,1.00
3,0.1,0,1,1,1,1.00
0,340282350000000000000000000000000000000,0,1,1,1,1.00
1,0.1,0,1,1,1,1.00
2,0.1,0,1,1,1,1.00
3,0.1,0,1,1,1,1.00
0,340282350000000000000000000000000000000,0,1,1,1,1.00
1,0.1,0,1,1,1,1.00
2,0.1,0,1,1,1,1.00
3,0.1,0,1,1,1,1.00
0,340282350000000000000000000000000000000,0,1,1,1,1.00
1,0.1,0,1,1,1,1.00
2,0.1,0,1,1,1,1.00
3,0.1,0,1,1,1,1.00
0,340282350000000000000000000000000000000,0,1,1,1,1.00
1,0.1,0,1,1,1,1.00
2,0.1,0,1,1,1,1.00
3,0.1,0,1,1,1,1.00
0,340282350000000000000000000000000000000,0,1,1,1,1.00
1,0.1,0,1,1,1,1.00
2,0.1,0,1,1,1,1.00
3,0.1,0,1,1,1,1.00
0,340282350000000000000000000000000000000,0,1,1,1,1.00
1,0.1,0,1,1,1,1.00
2,0.1,0,1,1,1,1.00
3,0.1,0,1,1,1,1.00
0,340282350000000000000000000000000000000,0,14,1,1,1.00
1,0.3,0,14,1,1,1.00
2,0.3,0,14,1,1,1.00
3,0.3,0,14,1,1,1.00
0,340282350000000000000000000000000000000,0,10,1,1,1.00
1,0.3,0,10,1,1,1.00
2,0.3,0,10,1,1,1.00
3,0.3,0,10,1,1,1.00
0,340282350000000000000000000000000000000,0,15,1,1,1.00
1,0.3,0,15,1,1,1.00
2,0.3,0,15,1,1,1.00
3,0.3,0,15,1,1,1.00
0,340282350000000000000000000000000000000,0,15,1,1,1.00
1,0.3,0,15,1,1,1.00
2,0.3,0,15,1,1,1.00
3,0.3,0,15,1,1,1.00
0,340282350000000000000000000000000000000,0,11,1,1,1.00
1,0.3,0,11,1,1,1.00
2,0.3,0,11,1,1,1.00
3,0.3,0,11,1,1,1.00
0,340282350000000000000000000000000000000,0,9,1,1,1.00
1,0.3,0,9,1,1,1.00
2,0.3,0,9,1,1,1.00
3,0.3,0,9,1,1,1.00
0,340282350000000000000000000000000000000,0,13,1,1,1.00
1,0.3,0,13,1,1,1.00
2,0.3,0,13,1,1,1.00
3,0.3,0,13,1,1,1.00
0,340282350000000000000000000000000000000,0,22,1,1,1.00
1,0.3,0,22,1,1,1.00
2,0.3,0,22,1,1,1.00
3,0.3,0,22,1,1,1.00
0,340282350000000000000000000000000000000,24,152,1,1,1.00
1,62104805000000000000000000,21,889,1,153,3.05
2,3766529500000000000000,27,137,1,14,1.77
3,37279.418,29,2200,1,184,2.83
0,340282350000000000000000000000000000000,0,1,1,1,1.00
1,0.1,0,1,1,1,1.00
2,0.1,0,1,1,1,1.00
3,0.1,0,1,1,1,1.00
0,340282350000000000000000000000000000000,0,1,1,1,1.00
1,0.1,0,1,1,1,1.00
2,0.1,0,1,1,1,1.00
3,0.1,0,1,1,1,1.00
0,340282350000000000000000000000000000000,0,1,1,1,1.00
1,0.1,0,1,1,1,1.00
2,0.1,0,1,1,1,1.00
3,0.1,0,1,1,1,1.00
0,340282350000000000000000000000000000000,0,1,1,1,1.00
1,0.1,0,1,1,1,1.00
2,0.1,0,1,1,1,1.00
3,0.1,0,1,1,1,1.00
0,340282350000000000000000000000000000000,0,1,1,1,1.00
1,0.1,0,1,1,1,1.00
2,0.1,0,1,1,1,1.00
3,0.1,0,1,1,1,1.00
0,340282350000000000000000000000000000000,0,1,1,1,1.00
1,0.1,0,1,1,1,1.00
2,0.1,0,1,1,1,1.00
3,0.1,0,1,1,1,1.00
0,340282350000000000000000000000000000000,0,1,1,1,1.00
1,0.1,0,1,1,1,1.00
2,0.1,0,1,1,1,1.00
3,0.1,0,1,1,1,1.00
0,340282350000000000000000000000000000000,0,1,1,1,1.00
1,0.1,0,1,1,1,1.00
2,0.1,0,1,1,1,1.00
3,0.1,0,1,1,1,1.00
0,340282350000000000000000000000000000000,0,14,1,1,1.00
1,0.3,0,14,1,1,1.00
2,0.3,0,14,1,1,1.00
3,0.3,0,14,1,1,1.00
0,340282350000000000000000000000000000000,0,10,1,1,1.00
1,0.3,0,10,1,1,1.00
2,0.3,0,10,1,1,1.00
3,0.3,0,10,1,1,1.00
0,340282350000000000000000000000000000000,0,15,1,1,1.00
1,0.3,0,15,1,1,1.00
2,0.3,0,15,1,1,1.00
3,0.3,0,15,1,1,1.00
0,340282350000000000000000000000000000000,0,15,1,1,1.00
1,0.3,0,15,1,1,1.00
2,0.3,0,15,1,1,1.00
3,0.3,0,15,1,1,1.00
0,340282350000000000000000000000000000000,0,11,1,1,1.00
1,0.3,0,11,1,1,1.00
2,0.3,0,11,1,1,1.00
3,0.3,0,11,1,1,1.00
0,340282350000000000000000000000000000000,0,9,1,1,1.00
1,0.3,0,9,1,1,1.00
2,0.3,0,9,1,1,1.00
3,0.3,0,9,1,1,1.00
0,340282350000000000000000000000000000000,0,13,1,1,1.00
1,0.3,0,13,1,1,1.00
2,0.3,0,13,1,1,1.00
3,0.3,0,13,1,1,1.00
0,340282350000000000000000000000000000000,0,22,1,1,1.00
1,0.3,0,22,1,1,1.00
2,0.3,0,22,1,1,1.00
3,0.3,0,22,1,1,1.00
0,340282350000000000000000000000000000000,24,152,1,1,1.00
1,62104805000000000000000000,21,889,1,153,3.05
2,3766529500000000000000,27,137,1,14,1.77
3,37279.418,29,2200,1,184,2.83
0,340282350000000000000000000000000000000,0,1,1,1,1.00
1,0.1,0,1,1,1,1.00
2,0.1,0,1,1,1,1.00
3,0.1,0,1,1,1,1.00
0,340282350000000000000000000000000000000,0,1,1,1,1.00
1,0.1,0,1,1,1,1.00
2,0.1,0,1,1,1,1.00
3,0.1,0,1,1,1,1.00
0,340282350000000000000000000000000000000,0,1,1,1,1.00
1,0.1,0,1,1,1,1.00
2,0.1,0,1,1,1,1.00
3,0.1,0,1,1,1,1.00
0,340282350000000000000000000000000000000,0,1,1,1,1.00
1,0.1,0,1,1,1,1.00
2,0.1,0,1,1,1,1.00
3,0.1,0,1,1,1,1.00
0,340282350000000000000000000000000000000,0,1,1,1,1.00
1,0.1,0,1,1,1,1.00
2,0.1,0,1,1,1,1.00
3,0.1,0,1,1,1,1.00
0,340282350000000000000000000000000000000,0,1,1,1,1.00
1,0.1,0,1,1,1,1.00
2,0.1,0,1,1,1,1.00
3,0.1,0,1,1,1,1.00
0,340282350000000000000000000000000000000,0,1,1,1,1.00
1,0.1,0,1,1,1,1.00
2,0.1,0,1,1,1,1.00
3,0.1,0,1,1,1,1.00
0,340282350000000000000000000000000000000,0,1,1,1,1.00
1,0.1,0,1,1,1,1.00
2,0.1,0,1,1,1,1.00
3,0.1,0,1,1,1,1.00
0,340282350000000000000000000000000000000,0,14,1,1,1.00
1,0.3,0,14,1,1,1.00
2,0.3,0,14,1,1,1.00
3,0.3,0,14,1,1,1.00
0,340282350000000000000000000000000000000,0,10,1,1,1.00
1,0.3,0,10,1,1,1.00
2,0.3,0,10,1,1,1.00
3,0.3,0,10,1,1,1.00
0,340282350000000000000000000000000000000,0,15,1,1,1.00
1,0.3,0,15,1,1,1.00
2,0.3,0,15,1,1,1.00
3,0.3,0,15,1,1,1.00
0,340282350000000000000000000000000000000,0,15,1,1,1.00
1,0.3,0,15,1,1,1.00
2,0.3,0,15,1,1,1.00
3,0.3,0,15,1,1,1.00
0,340282350000000000000000000000000000000,0,11,1,1,1.00
1,0.3,0,11,1,1,1.00
2,0.3,0,11,1,1,1.00
3,0.3,0,11,1,1,1.00
0,340282350000000000000000000000000000000,0,9,1,1,1.00
1,0.3,0,9,1,1,1.00
2,0.3,0,9,1,1,1.00
3,0.3,0,9,1,1,1.00
0,340282350000000000000000000000000000000,0,13,1,1,1.00
1,0.3,0,13,1,1,1.00
2,0.3,0,13,1,1,1.00
3,0.3,0,13,1,1,1.00
0,340282350000000000000000000000000000000,0,22,1,1,1.00
1,0.3,0,22,1,1,1.00
2,0.3,0,22,1,1,1.00
3,0.3,0,22,1,1,1.00
0,340282350000000000000000000000000000000,24,152,1,1,1.00
1,62104805000000000000000000,21,889,1,153,3.05
2,3766529500000000000000,27,137,1,14,1.77
3,37279.418,29,2200,1,184,2.83
0,340282350000000000000000000000000000000,0,1,1,1,1.00
1,0.1,0,1,1,1,1.00
2,0.1,0,1,1,1,1.00
3,0.1,0,1,1,1,1.00
0,340282350000000000000000000000000000000,0,1,1,1,1.00
1,0.1,0,1,1,1,1.00
2,0.1,0,1,1,1,1.00
3,0.1,0,1,1,1,1.00
0,340282350000000000000000000000000000000,0,1,1,1,1.00
1,0.1,0,1,1,1,1.00
2,0.1,0,1,1,1,1.00
3,0.1,0,1,1,1,1.00
0,340282350000000000000000000000000000000,0,1,1,1,1.00
1,0.1,0,1,1,1,1.00
2,0.1,0,1,1,1,1.00
3,0.1,0,1,1,1,1.00
0,340282350000000000000000000000000000000,0,1,1,1,1.00
1,0.1,0,1,1,1,1.00
2,0.1,0,1,1,1,1.00
3,0.1,0,1,1,1,1.00
0,340282350000000000000000000000000000000,0,1,1,1,1.00
1,0.1,0,1,1,1,1.00
2,0.1,0,1,1,1,1.00
3,0.1,0,1,1,1,1.00
0,340282350000000000000000000000000000000,0,1,1,1,1.00
1,0.1,0,1,1,1,1.00
2,0.1,0,1,1,1,1.00
3,0.1,0,1,1,1,1.00
0,340282350000000000000000000000000000000,0,1,1,1,1.00
1,0.1,0,1,1,1,1.00
2,0.1,0,1,1,1,1.00
3,0.1,0,1,1,1,1.00
0,340282350000000000000000000000000000000,0,14,1,1,1.00
1,0.3,0,14,1,1,1.00
2,0.3,0,14,1,1,1.00
3,0.3,0,14,1,1,1.00
0,340282350000000000000000000000000000000,0,10,1,1,1.00
1,0.3,0,10,1,1,1.00
2,0.3,0,10,1,1,1.00
3,0.3,0,10,1,1,1.00
0,340282350000000000000000000000000000000,0,15,1,1,1.00
1,0.3,0,15,1,1,1.00
2,0.3,0,15,1,1,1.00
3,0.3,0,15,1,1,1.00
0,340282350000000000000000000000000000000,0,15,1,1,1.00
1,0.3,0,15,1,1,1.00
2,0.3,0,15,1,1,1.00
3,0.3,0,15,1,1,1.00
0,340282350000000000000000000000000000000,0,11,1,1,1.00
1,0.3,0,11,1,1,1.00
2,0.3,0,11,1,1,1.00
3,0.3,0,11,1,1,1.00
0,340282350000000000000000000000000000000,0,9,1,1,1.00
1,0.3,0,9,1,1,1.00
2,0.3,0,9,1,1,1.00
3,0.3,0,9,1,1,1.00
0,340282350000000000000000000000000000000,0,13,1,1,1.00
1,0.3,0,13,1,1,1.00
2,0.3,0,13,1,1,1.00
3,0.3,0,13,1,1,1.00
0,340282350000000000000000000000000000000,0,22,1,1,1.00
1,0.3,0,22,1,1,1.00
2,0.3,0,22,1,1,1.00
3,0.3,0,22,1,1,1.00
0,340282350000000000000000000000000000000,24,152,1,1,1.00
1,62104805000000000000000000,21,889,1,153,3.05
2,3766529500000000000000,27,137,1,14,1.77
3,37279.418,29,2200,1,184,2.83
0,340282350000000000000000000000000000000,0,1,1,1,1.00
1,0.1,0,1,1,1,1.00
2,0.1,0,1,1,1,1.00
3,0.1,0,1,1,1,1.00
0,340282350000000000000000000000000000000,0,1,1,1,1.00
1,0.1,0,1,1,1,1.00
2,0.1,0,1,1,1,1.00
3,0.1,0,1,1,1,1.00
0,340282350000000000000000000000000000000,0,1,1,1,1.00
1,0.1,0,1,1,1,1.00
2,0.1,0,1,1,1,1.00
3,0.1,0,1,1,1,1.00
0,340282350000000000000000000000000000000,0,1,1,1,1.00
1,0.1,0,1,1,1,1.00
2,0.1,0,1,1,1,1.00
3,0.1,0,1,1,1,1.00
0,340282350000000000000000000000000000000,0,1,1,1,1.00
1,0.1,0,1,1,1,1.00
2,0.1,0,1,1,1,1.00
3,0.1,0,1,1,1,1.00
0,340282350000000000000000000000000000000,0,1,1,1,1.00
1,0.1,0,1,1,1,1.00
2,0.1,0,1,1,1,1.00
3,0.1,0,1,1,1,1.00
0,340282350000000000000000000000000000000,0,1,1,1,1.00
1,0.1,0,1,1,1,1.00
2,0.1,0,1,1,1,1.00
3,0.1,0,1,1,1,1.00
0,340282350000000000000000000000000000000,0,1,1,1,1.00
1,0.1,0,1,1,1,1.00
2,0.1,0,1,1,1,1.00
3,0.1,0,1,1,1,1.00
0,340282350000000000000000000000000000000,0,14,1,1,1.00
1,0.3,0,14,1,1,1.00
2,0.3,0,14,1,1,1.00
3,0.3,0,14,1,1,1.00
0,340282350000000000000000000000000000000,0,10,1,1,1.00
1,0.3,0,10,1,1,1.00
2,0.3,0,10,1,1,1.00
3,0.3,0,10,1,1,1.00
0,340282350000000000000000000000000000000,0,15,1,1,1.00
1,0.3,0,15,1,1,1.00
2,0.3,0,15,1,1,1.00
3,0.3,0,15,1,1,1.00
0,340282350000000000000000000000000000000,0,15,1,1,1.00
1,0.3,0,15,1,1,1.00
2,0.3,0,15,1,1,1.00
3,0.3,0,15,1,1,1.00
0,340282350000000000000000000000000000000,0,11,1,1,1.00
1,0.3,0,11,1,1,1.00
2,0.3,0,11,1,1,1.00
3,0.3,0,11,1,1,1.00
0,340282350000000000000000000000000000000,0,9,1,1,1.00
1,0.3,0,9,1,1,1.00
2,0.3,0,9,1,1,1.00
3,0.3,0,9,1,1,1.00
0,340282350000000000000000000000000000000,0,13,1,1,1.00
1,0.3,0,13,1,1,1.00
2,0.3,0,13,1,1,1.00
3,0.3,0,13,1,1,1.00
0,340282350000000000000000000000000000000,0,22,1,1,1.00
1,0.3,0,22,1,1,1.00
2,0.3,0,22,1,1,1.00
3,0.3,0,22,1,1,1.00
0,340282350000000000000000000000000000000,24,152,1,1,1.00
1,62104805000000000000000000,21,889,1,153,3.05
2,3766529500000000000000,27,137,1,14,1.77
3,37279.418,29,2200,1,184,2.83
0,340282350000000000000000000000000000000,0,1,1,1,1.00
1,0.1,0,1,1,1,1.00
2,0.1,0,1,1,1,1.00
3,0.1,0,1,1,1,1.00
0,340282350000000000000000000000000000000,0,1,1,1,1.00
1,0.1,0,1,1,1,1.00
2,0.1,0,1,1,1,1.00
3,0.1,0,1,1,1,1.00
0,340282350000000000000000000000000000000,0,1,1,1,1.00
1,0.1,0,1,1,1,1.00
2,0.1,0,1,1,1,1.00
3,0.1,0,1,1,1,1.00
0,340282350000000000000000000000000000000,0,1,1,1,1.00
1,0.1,0,1,1,1,1.00
2,0.1,0,1,1,1,1.00
3,0.1,0,1,1,1,1.00
0,340282350000000000000000000000000000000,0,1,1,1,1.00
1,0.1,0,1,1,1,1.00
2,0.1,0,1,1,1,1.00
3,0.1,0,1,1,1,1.00
0,340282350000000000000000000000000000000,0,1,1,1,1.00
1,0.1,0,1,1,1,1.00
2,0.1,0,1,1,1,1.00
3,0.1,0,1,1,1,1.00
0,340282350000000000000000000000000000000,0,1,1,1,1.00
1,0.1,0,1,1,1,1.00
2,0.1,0,1,1,1,1.00
3,0.1,0,1,1,1,1.00
0,340282350000000000000000000000000000000,0,1,1,1,1.00
1,0.1,0,1,1,1,1.00
2,0.1,0,1,1,1,1.00
3,0.1,0,1,1,1,1.00
0,340282350000000000000000000000000000000,0,14,1,1,1.00
1,0.3,0,14,1,1,1.00
2,0.3,0,14,1,1,1.00
3,0.3,0,14,1,1,1.00
0,340282350000000000000000000000000000000,0,10,1,1,1.00
1,0.3,0,10,1,1,1.00
2,0.3,0,10,1,1,1.00
3,0.3,0,10,1,1,1.00
0,340282350000000000000000000000000000000,0,15,1,1,1.00
1,0.3,0,15,1,1,1.00
2,0.3,0,15,1,1,1.00
3,0.3,0,15,1,1,1.00
0,340282350000000000000000000000000000000,0,15,1,1,1.00
1,0.3,0,15,1,1,1.00
2,0.3,0,15,1,1,1.00
3,0.3,0,15,1,1,1.00
0,340282350000000000000000000000000000000,0,11,1,1,1.00
1,0.3,0,11,1,1,1.00
2,0.3,0,11,1,1,1.00
3,0.3,0,11,1,1,1.00
0,340282350000000000000000000000000000000,0,9,1,1,1.00
1,0.3,0,9,1,1,1.00
2,0.3,0,9,1,1,1.00
3,0.3,0,9,1,1,1.00
0,340282350000000000000000000000000000000,0,13,1,1,1.00
1,0.3,0,13,1,1,1.00
2,0.3,0,13,1,1,1.00
3,0.3,0,13,1,1,1.00
0,340282350000000000000000000000000000000,0,22,1,1,1.00
1,0.3,0,22,1,1,1.00
2,0.3,0,22,1,1,1.00
3,0.3,0,22,1,1,1.00
0,340282350000000000000000000000000000000,24,152,1,1,1.00
1,62104805000000000000000000,21,889,1,153,3.05
2,3766529500000000000000,27,137,1,14,1.77
3,37279.418,29,2200,1,184,2.83
0,340282350000000000000000000000000000000,0,1,1,1,1.00
1,0.1,0,1,1,1,1.00
2,0.1,0,1,1,1,1.00
3,0.1,0,1,1,1,1.00
0,340282350000000000000000000000000000000,0,1,1,1,1.00
1,0.1,0,1,1,1,1.00
2,0.1,0,1,1,1,1.00
3,0.1,0,1,1,1,1.00
0,340282350000000000000000000000000000000,0,1,1,1,1.00
1,0.1,0,1,1,1,1.00
2,0.1,0,1,1,1,1.00
3,0.1,0,1,1,1,1.00
0,340282350000000000000000000000000000000,0,1,1,1,1.00
1,0.1,0,1,1,1,1.00
2,0.1,0,1,1,1,1.00
3,0.1,0,1,1,1,1.00
0,340282350000000000000000000000000000000,0,1,1,1,1.00
1,0.1,0,1,1,1,1.00
2,0.1,0,1,1,1,1.00
3,0.1,0,1,1,1,1.00
0,340282350000000000000000000000000000000,0,1,1,1,1.00
1,0.1,0,1,1,1,1.00
2,0.1,0,1,1,1,1.00
3,0.1,0,1,1,1,1.00
0,340282350000000000000000000000000000000,0,1,1,1,1.00
1,0.1,0,1,1,1,1.00
2,0.1,0,1,1,1,1.00
3,0.1,0,1,1,1,1.00
0,340282350000000000000000000000000000000,0,1,1,1,1.00
1,0.1,0,1,1,1,1.00
2,0.1,0,1,1,1,1.00
3,0.1,0,1,1,1,1.00
0,340282350000000000000000000000000000000,0,14,1,1,1.00
1,0.3,0,14,1,1,1.00
2,0.3,0,14,1,1,1.00
3,0.3,0,14,1,1,1.00
0,340282350000000000000000000000000000000,0,10,1,1,1.00
1,0.3,0,10,1,1,1.00
2,0.3,0,10,1,1,1.00
3,0.3,0,10,1,1,1.00
0,340282350000000000000000000000000000000,0,15,1,1,1.00
1,0.3,0,15,1,1,1.00
2,0.3,0,15,1,1,1.00
3,0.3,0,15,1,1,1.00
0,340282350000000000000000000000000000000,0,15,1,1,1.00
1,0.3,0,15,1,1,1.00
2,0.3,0,15,1,1,1.00
3,0.3,0,15,1,1,1.00
0,340282350000000000000000000000000000000,0,11,1,1,1.00
1,0.3,0,11,1,1,1.00
2,0.3,0,11,1,1,1.00
3,0.3,0,11,1,1,1.00
0,340282350000000000000000000000000000000,0,9,1,1,1.00
1,0.3,0,9,1,1,1.00
2,0.3,0,9,1,1,1.00
3,0.3,0,9,1,1,1.00
0,340282350000000000000000000000000000000,0,13,1,1,1.00
1,0.3,0,13,1,1,1.00
2,0.3,0,13,1,1,1.00
3,0.3,0,13,1,1,1.00
0,340282350000000000000000000000000000000,0,22,1,1,1.00
1,0.3,0,22,1,1,1.00
2,0.3,0,22,1,1,1.00
3,0.3,0,22,1,1,1.00
0,340282350000000000000000000000000000000,24,152,1,1,1.00
1,62104805000000000000000000,21,889,1,153,3.05
2,3766529500000000000000,27,137,1,14,1.77
3,37279.418,29,2200,1,184,2.83
0,340282350000000000000000000000000000000,0,1,1,1,1.00
1,0.1,0,1,1,1,1.00
2,0.1,0,1,1,1,1.00
3,0.1,0,1,1,1,1.00
0,340282350000000000000000000000000000000,0,1,1,1,1.00
1,0.1,0,1,1,1,1.00
2,0.1,0,1,1,1,1.00
3,0.1,0,1,1,1,1.00
0,340282350000000000000000000000000000000,0,1,1,1,1.00
1,0.1,0,1,1,1,1.00
2,0.1,0,1,1,1,1.00
3,0.1,0,1,1,1,1.00
0,340282350000000000000000000000000000000,0,1,1,1,1.00
1,0.1,0,1,1,1,1.00
2,0.1,0,1,1,1,1.00
3,0.1,0,1,1,1,1.00
0,340282350000000000000000000000000000000,0,1,1,1,1.00
1,0.1,0,1,1,1,1.00
2,0.1,0,1,1,1,1.00
3,0.1,0,1,1,1,1.00
0,340282350000000000000000000000000000000,0,1,1,1,1.00
1,0.1,0,1,1,1,1.00
2,0.1,0,1,1,1,1.00
3,0.1,0,1,1,1,1.00
0,340282350000000000000000000000000000000,0,1,1,1,1.00
1,0.1,0,1,1,1,1.00
2,0.1,0,1,1,1,1.00
3,0.1,0,1,1,1,1.00
0,340282350000000000000000000000000000000,0,1,1,1,1.00
1,0.1,0,1,1,1,1.00
2,0.1,0,1,1,1,1.00
3,0.1,0,1,1,1,1.00
0,340282350000000000000000000000000000000,0,14,1,1,1.00
1,0.3,0,14,1,1,1.00
2,0.3,0,14,1,1,1.00
3,0.3,0,14,1,1,1.00
0,340282350000000000000000000000000000000,0,10,1,1,1.00
1,0.3,0,10,1,1,1.00
2,0.3,0,10,1,1,1.00
3,0.3,0,10,1,1,1.00
0,340282350000000000000000000000000000000,0,15,1,1,1.00
1,0.3,0,15,1,1,1.00
2,0.3,0,15,1,1,1.00
3,0.3,0,15,1,1,1.00
0,340282350000000000000000000000000000000,0,15,1,1,1.00
1,0.3,0,15,1,1,1.00
2,0.3,0,15,1,1,1.00
3,0.3,0,15,1,1,1.00
0,340282350000000000000000000000000000000,0,11,1,1,1.00
1,0.3,0,11,1,1,1.00
2,0.3,0,11,1,1,1.00
3,0.3,0,11,1,1,1.00
0,340282350000000000000000000000000000000,0,9,1,1,1.00
1,0.3,0,9,1,1,1.00
2,0.3,0,9,1,1,1.00
3,0.3,0,9,1,1,1.00
0,340282350000000000000000000000000000000,0,13,1,1,1.00
1,0.3,0,13,1,1,1.00
2,0.3,0,13,1,1,1.00
3,0.3,0,13,1,1,1.00
0,340282350000000000000000000000000000000,0,22,1,1,1.00
1,0.3,0,22,1,1,1.00
2,0.3,0,22,1,1,1.00
3,0.3,0,22,1,1,1.00
0,340282350000000000000000000000000000000,24,152,1,1,1.00
1,62104805000000000000000000,21,889,1,153,3.05
2,3766529500000000000000,27,137,1,14,1.77
3,37279.418,29,2200,1,184,2.83
